INSERT INTO `sys_demo`(`id`, `demo_name`, `demo_num`, `demo_type_enum`, `ranking`, `description`, `state_enum`, `delete_enum`, `create_date`, `create_user_id`, `update_date`, `update_user_id`, `delete_date`, `delete_user_id`)
VALUES (111111111111111101, '演示次数01', '101', 1, 100, '演示描述01', 1, 1, 1574663780828, 111111111111111111, 1574663780828, 111111111111111111, NULL, NULL),
       (111111111111111102, '演示次数02', '102', 1, 100, '演示描述02', 1, 1, 1574663780828, 111111111111111111, 1574663780828, 111111111111111111, NULL, NULL),
       (111111111111111103, '演示次数03', '103', 1, 100, '演示描述03', 1, 1, 1574663780828, 111111111111111111, 1574663780828, 111111111111111111, NULL, NULL),
       (111111111111111104, '演示次数04', '104', 1, 100, '演示描述04', 1, 1, 1574663780828, 111111111111111111, 1574663780828, 111111111111111111, NULL, NULL),
       (111111111111111105, '演示次数05', '105', 1, 100, '演示描述05', 1, 1, 1574663780828, 111111111111111111, 1574663780828, 111111111111111111, NULL, NULL),
       (111111111111111106, '演示次数06', '106', 1, 100, '演示描述06', 1, 1, 1574663780828, 111111111111111111, 1574663780828, 111111111111111111, NULL, NULL),
       (111111111111111107, '演示次数07', '107', 1, 100, '演示描述07', 1, 1, 1574663780828, 111111111111111111, 1574663780828, 111111111111111111, NULL, NULL),
       (111111111111111108, '演示次数08', '108', 1, 100, '演示描述08', 1, 1, 1574663780828, 111111111111111111, 1574663780828, 111111111111111111, NULL, NULL),
       (111111111111111109, '演示次数09', '109', 1, 100, '演示描述09', 1, 1, 1574663780828, 111111111111111111, 1574663780828, 111111111111111111, NULL, NULL),
       (111111111111111110, '演示次数10', '110', 1, 100, '演示描述10', 1, 1, 1574663780828, 111111111111111111, 1574663780828, 111111111111111111, NULL, NULL),
       (111111111111111111, '演示次数11', '111', 1, 100, '演示描述11', 1, 1, 1574663780828, 111111111111111111, 1574663780828, 111111111111111111, NULL, NULL),
       (111111111111111112, '演示次数12', '112', 1, 100, '演示描述12', 1, 1, 1574663780828, 111111111111111111, 1574663780828, 111111111111111111, NULL, NULL),
       (111111111111111113, '演示次数13', '113', 1, 100, '演示描述13', 1, 1, 1574663780828, 111111111111111111, 1574663780828, 111111111111111111, NULL, NULL);



INSERT INTO `sys_user`(`id`, `username`, `real_name`, `user_password`, `password_salt`, `user_email`, `telephone`, `mobile_phone`, `gender_enum`, `register_type_enum`, `register_origin_enum`, `state_enum`, `delete_enum`, `create_date`, `create_user_id`, `update_date`, `update_user_id`, `delete_date`,
                       `delete_user_id`)
VALUES (111111111111111111, 'admin', 'admin', '710a117a6e6d2d7f3e10c2fafb5c3bab', '1234567890', 'cdk8s@qq.com', '13800000000', '13800000000', 1, 1, 1, 1, 1, 1514736123456, 111111111111111111, 1514736123456, 111111111111111111, NULL, NULL),
       (222222222222222222, 'demo', 'demo', '42c224b3c8899047460f5a6d1c041411', '1234567890', 'cdk8s-demo@qq.com', '13800000011', '13800000011', 1, 1, 1, 1, 1, 1514736123456, 111111111111111111, 1514736123456, 111111111111111111, NULL, NULL),
       (333333333333333331, 'demo1', '李四1', '42c224b3c8899047460f5a6d1c041411', '1234567890', 'cdk8s-1@qq.com', '13800000001', '13800000001', 1, 1, 1, 1, 1, 1514736123456, 111111111111111111, 1514736123456, 111111111111111111, NULL, NULL),
       (333333333333333332, 'demo2', '李四2', '42c224b3c8899047460f5a6d1c041411', '1234567890', 'cdk8s-2@qq.com', '13800000002', '13800000002', 1, 1, 1, 1, 1, 1514736123456, 111111111111111111, 1514736123456, 111111111111111111, NULL, NULL),
       (333333333333333333, 'demo3', '李四3', '42c224b3c8899047460f5a6d1c041411', '1234567890', 'cdk8s-3@qq.com', '13800000003', '13800000003', 1, 1, 1, 1, 1, 1514736123456, 111111111111111111, 1514736123456, 111111111111111111, NULL, NULL),
       (333333333333333334, 'demo4', '李四4', '42c224b3c8899047460f5a6d1c041411', '1234567890', 'cdk8s-4@qq.com', '13800000004', '13800000004', 1, 1, 1, 1, 1, 1514736123456, 111111111111111111, 1514736123456, 111111111111111111, NULL, NULL),
       (333333333333333335, 'demo5', '李四5', '42c224b3c8899047460f5a6d1c041411', '1234567890', 'cdk8s-5@qq.com', '13800000005', '13800000005', 1, 1, 1, 1, 1, 1514736123456, 111111111111111111, 1514736123456, 111111111111111111, NULL, NULL),
       (333333333333333336, 'demo6', '李四6', '42c224b3c8899047460f5a6d1c041411', '1234567890', 'cdk8s-6@qq.com', '13800000006', '13800000006', 1, 1, 1, 1, 1, 1514736123456, 111111111111111111, 1514736123456, 111111111111111111, NULL, NULL),
       (333333333333333337, 'demo7', '李四7', '42c224b3c8899047460f5a6d1c041411', '1234567890', 'cdk8s-7@qq.com', '13800000007', '13800000007', 1, 1, 1, 1, 1, 1514736123456, 111111111111111111, 1514736123456, 111111111111111111, NULL, NULL),
       (333333333333333338, 'demo8', '李四8', '42c224b3c8899047460f5a6d1c041411', '1234567890', 'cdk8s-8@qq.com', '13800000008', '13800000008', 1, 1, 1, 1, 1, 1514736123456, 111111111111111111, 1514736123456, 111111111111111111, NULL, NULL),
       (333333333333333339, 'demo9', '李四9', '42c224b3c8899047460f5a6d1c041411', '1234567890', 'cdk8s-9@qq.com', '13800000009', '13800000009', 1, 1, 1, 1, 1, 1514736123456, 111111111111111111, 1514736123456, 111111111111111111, NULL, NULL);


INSERT INTO `sys_employee`(`id`, `user_id`, `work_card_id`, `job_position`, `delete_enum`, `create_date`, `create_user_id`, `update_date`, `update_user_id`, `delete_date`, `delete_user_id`)
VALUES (111111111111111111, 111111111111111111, '11', '总裁', 1, 1514736123456, 111111111111111111, 1514736123456, 111111111111111111, NULL, NULL),
       (222222222222222222, 222222222222222222, '22', '员工', 1, 1514736123456, 111111111111111111, 1514736123456, 111111111111111111, NULL, NULL),
       (333333333333333331, 333333333333333331, '31', '员工', 1, 1514736123456, 111111111111111111, 1514736123456, 111111111111111111, NULL, NULL),
       (333333333333333332, 333333333333333332, '32', '员工', 1, 1514736123456, 111111111111111111, 1514736123456, 111111111111111111, NULL, NULL),
       (333333333333333333, 333333333333333333, '33', '员工', 1, 1514736123456, 111111111111111111, 1514736123456, 111111111111111111, NULL, NULL),
       (333333333333333334, 333333333333333334, '34', '员工', 1, 1514736123456, 111111111111111111, 1514736123456, 111111111111111111, NULL, NULL),
       (333333333333333335, 333333333333333335, '35', '员工', 1, 1514736123456, 111111111111111111, 1514736123456, 111111111111111111, NULL, NULL),
       (333333333333333336, 333333333333333336, '36', '员工', 1, 1514736123456, 111111111111111111, 1514736123456, 111111111111111111, NULL, NULL),
       (333333333333333337, 333333333333333337, '37', '员工', 1, 1514736123456, 111111111111111111, 1514736123456, 111111111111111111, NULL, NULL),
       (333333333333333338, 333333333333333338, '38', '员工', 1, 1514736123456, 111111111111111111, 1514736123456, 111111111111111111, NULL, NULL),
       (333333333333333339, 333333333333333339, '39', '员工', 1, 1514736123456, 111111111111111111, 1514736123456, 111111111111111111, NULL, NULL);



INSERT INTO `sys_role`(`id`, `role_name`, `role_code`, `ranking`, `description`, `state_enum`, `delete_enum`, `create_date`, `create_user_id`, `update_date`, `update_user_id`, `delete_date`, `delete_user_id`)
VALUES (111111111111111111, '超级管理员', 'top_admin_role', 1, '超级管理员，预设数据，无法删除和修改', 1, 1, 1574663780828, 111111111111111111, 1574663780828, 111111111111111111, NULL, NULL),
       (222222222222222222, '演示用户', 'demo_user_role', 1, '演示用户，预设数据，无法删除和修改', 1, 1, 1574663780828, 111111111111111111, 1574663780828, 111111111111111111, NULL, NULL),
       (333333333333333333, '普通用户', 'normal_user_role', 1, '普通用户，预设数据，无法删除和修改', 1, 1, 1574663780828, 111111111111111111, 1574663780828, 111111111111111111, NULL, NULL),
       (444444444444444441, '普通用户1', 'normal_user_role1', 100, '1-普通用户，预设数据，无法删除和修改', 1, 1, 1574663780828, 111111111111111111, 1574663780828, 111111111111111111, NULL, NULL),
       (444444444444444442, '普通用户2', 'normal_user_role2', 100, '2-普通用户，预设数据，无法删除和修改', 1, 1, 1574663780828, 111111111111111111, 1574663780828, 111111111111111111, NULL, NULL),
       (444444444444444443, '普通用户3', 'normal_user_role3', 100, '3-普通用户，预设数据，无法删除和修改', 1, 1, 1574663780828, 111111111111111111, 1574663780828, 111111111111111111, NULL, NULL),
       (444444444444444444, '普通用户4', 'normal_user_role4', 100, '4-普通用户，预设数据，无法删除和修改', 1, 1, 1574663780828, 111111111111111111, 1574663780828, 111111111111111111, NULL, NULL),
       (444444444444444445, '普通用户5', 'normal_user_role5', 100, '5-普通用户，预设数据，无法删除和修改', 1, 1, 1574663780828, 111111111111111111, 1574663780828, 111111111111111111, NULL, NULL),
       (444444444444444446, '普通用户6', 'normal_user_role6', 100, '6-普通用户，预设数据，无法删除和修改', 1, 1, 1574663780828, 111111111111111111, 1574663780828, 111111111111111111, NULL, NULL),
       (444444444444444447, '普通用户7', 'normal_user_role7', 100, '7-普通用户，预设数据，无法删除和修改', 1, 1, 1574663780828, 111111111111111111, 1574663780828, 111111111111111111, NULL, NULL),
       (444444444444444448, '普通用户8', 'normal_user_role8', 100, '8-普通用户，预设数据，无法删除和修改', 1, 1, 1574663780828, 111111111111111111, 1574663780828, 111111111111111111, NULL, NULL),
       (444444444444444449, '普通用户9', 'normal_user_role9', 100, '9-普通用户，预设数据，无法删除和修改', 1, 1, 1574663780828, 111111111111111111, 1574663780828, 111111111111111111, NULL, NULL);

INSERT INTO `rel_role_user`(`id`, `role_id`, `user_id`, `create_date`, `create_user_id`)
VALUES (111111111111111111, 111111111111111111, 111111111111111111, 1574663798481, 111111111111111111),
       (222222222222222222, 222222222222222222, 222222222222222222, 1574663798481, 111111111111111111),
       (333333333333333331, 333333333333333333, 333333333333333331, 1574663798481, 111111111111111111),
       (333333333333333332, 333333333333333333, 333333333333333332, 1574663798481, 111111111111111111),
       (333333333333333333, 333333333333333333, 333333333333333333, 1574663798481, 111111111111111111),
       (333333333333333334, 333333333333333333, 333333333333333334, 1574663798481, 111111111111111111),
       (333333333333333335, 333333333333333333, 333333333333333335, 1574663798481, 111111111111111111),
       (333333333333333336, 333333333333333333, 333333333333333336, 1574663798481, 111111111111111111),
       (333333333333333337, 333333333333333333, 333333333333333337, 1574663798481, 111111111111111111),
       (333333333333333338, 333333333333333333, 333333333333333338, 1574663798481, 111111111111111111),
       (333333333333333339, 333333333333333333, 333333333333333339, 1574663798481, 111111111111111111);

INSERT INTO `sys_dept`(`id`, `dept_name`, `dept_code`, `parent_id`, `parent_ids`, `leader_user_id`, `telephone`, `mobile_phone`, `dept_fax`, `dept_address`, `ranking`, `description`, `state_enum`, `delete_enum`, `create_date`, `create_user_id`, `update_date`, `update_user_id`, `delete_date`, `delete_user_id`)
VALUES (111111111111111111, '超级管理员部门', 'top_admin_dept', 1, '1', 111111111111111111, '87600771', '13800000000', '87600772', '广东广州', 1, '这是描述', 1, 1, 1574739322708, 111111111111111111, 1574739322708, 111111111111111111, NULL, NULL),
       (222222222222222222, '演示用户部门', 'demo_user_dept', 1, '1', 111111111111111111, '87600771', '13800000000', '87600772', '广东广州', 1, '这是描述', 1, 1, 1574739322708, 111111111111111111, 1574739322708, 111111111111111111, NULL, NULL),
       (333333333333333333, '普通用户部门', 'normal_user_dept', 1, '1', 111111111111111111, '87600771', '13800000000', '87600772', '广东广州', 1, '这是描述', 1, 1, 1574739322708, 111111111111111111, 1574739322708, 111111111111111111, NULL, NULL),

       (444444444444444442, '普通用户部门2', 'normal_user_dept2', 111111111111111111, '1,111111111111111111', 111111111111111111, '87600771', '13800000000', '87600772', '广东广州', 100, '这是描述', 1, 1, 1574739322708, 111111111111111111, 1574739322708, 111111111111111111, NULL, NULL),
       (444444444444444441, '普通用户部门1', 'normal_user_dept1', 111111111111111111, '1,111111111111111111', 111111111111111111, '87600771', '13800000000', '87600772', '广东广州', 100, '这是描述', 1, 1, 1574739322708, 111111111111111111, 1574739322708, 111111111111111111, NULL, NULL),
       (444444444444444443, '普通用户部门3', 'normal_user_dept3', 111111111111111111, '1,111111111111111111', 111111111111111111, '87600771', '13800000000', '87600772', '广东广州', 100, '这是描述', 1, 1, 1574739322708, 111111111111111111, 1574739322708, 111111111111111111, NULL, NULL),
       (444444444444444445, '普通用户部门5', 'normal_user_dept5', 222222222222222222, '1,222222222222222222', 111111111111111111, '87600771', '13800000000', '87600772', '广东广州', 100, '这是描述', 1, 1, 1574739322708, 111111111111111111, 1574739322708, 111111111111111111, NULL, NULL),
       (444444444444444444, '普通用户部门4', 'normal_user_dept4', 222222222222222222, '1,222222222222222222', 111111111111111111, '87600771', '13800000000', '87600772', '广东广州', 100, '这是描述', 1, 1, 1574739322708, 111111111111111111, 1574739322708, 111111111111111111, NULL, NULL),
       (444444444444444446, '普通用户部门6', 'normal_user_dept6', 222222222222222222, '1,222222222222222222', 111111111111111111, '87600771', '13800000000', '87600772', '广东广州', 100, '这是描述', 1, 1, 1574739322708, 111111111111111111, 1574739322708, 111111111111111111, NULL, NULL),
       (444444444444444448, '普通用户部门8', 'normal_user_dept8', 333333333333333333, '1,333333333333333333', 111111111111111111, '87600771', '13800000000', '87600772', '广东广州', 100, '这是描述', 1, 1, 1574739322708, 111111111111111111, 1574739322708, 111111111111111111, NULL, NULL),
       (444444444444444447, '普通用户部门7', 'normal_user_dept7', 333333333333333333, '1,333333333333333333', 111111111111111111, '87600771', '13800000000', '87600772', '广东广州', 100, '这是描述', 1, 1, 1574739322708, 111111111111111111, 1574739322708, 111111111111111111, NULL, NULL),
       (444444444444444449, '普通用户部门9', 'normal_user_dept9', 333333333333333333, '1,333333333333333333', 111111111111111111, '87600771', '13800000000', '87600772', '广东广州', 100, '这是描述', 1, 1, 1574739322708, 111111111111111111, 1574739322708, 111111111111111111, NULL, NULL);


INSERT INTO `rel_dept_user`(`id`, `dept_id`, `user_id`, `create_date`, `create_user_id`)
VALUES (111111111111111111, 111111111111111111, 111111111111111111, 1574739347804, 111111111111111111),
       (222222222222222222, 222222222222222222, 111111111111111111, 1574739347804, 111111111111111111),
       (333333333333333333, 222222222222222222, 222222222222222222, 1574739347804, 111111111111111111),
       (444444444444444441, 333333333333333333, 333333333333333331, 1574739347804, 111111111111111111),
       (444444444444444442, 333333333333333333, 333333333333333332, 1574739347804, 111111111111111111),
       (444444444444444443, 333333333333333333, 333333333333333333, 1574739347804, 111111111111111111),
       (444444444444444444, 333333333333333333, 333333333333333334, 1574739347804, 111111111111111111),
       (444444444444444445, 333333333333333333, 333333333333333335, 1574739347804, 111111111111111111),
       (444444444444444446, 333333333333333333, 333333333333333336, 1574739347804, 111111111111111111),
       (444444444444444447, 333333333333333333, 333333333333333337, 1574739347804, 111111111111111111),
       (444444444444444448, 333333333333333333, 333333333333333338, 1574739347804, 111111111111111111),
       (444444444444444449, 333333333333333333, 333333333333333339, 1574739347804, 111111111111111111);


INSERT INTO `sys_dict`(`id`, `dict_name`, `dict_code`, `dict_value_type_enum`, `ranking`, `description`, `state_enum`, `delete_enum`, `create_date`, `create_user_id`, `update_date`, `update_user_id`, `delete_date`, `delete_user_id`)
VALUES (111111111111111111, '职称', 'job_title', 1, 100, '公司内部职称', 1, 1, 1574853820410, 111111111111111111, 1574853820410, 111111111111111111, NULL, NULL),
       (222222222222222221, '职称1', 'job_title1', 1, 100, '1-公司内部职称', 1, 1, 1574853820410, 111111111111111111, 1574853820410, 111111111111111111, NULL, NULL),
       (222222222222222222, '职称2', 'job_title2', 1, 100, '2-公司内部职称', 1, 1, 1574853820410, 111111111111111111, 1574853820410, 111111111111111111, NULL, NULL),
       (222222222222222223, '职称3', 'job_title3', 1, 100, '3-公司内部职称', 1, 1, 1574853820410, 111111111111111111, 1574853820410, 111111111111111111, NULL, NULL),
       (222222222222222224, '职称4', 'job_title4', 1, 100, '4-公司内部职称', 1, 1, 1574853820410, 111111111111111111, 1574853820410, 111111111111111111, NULL, NULL),
       (222222222222222225, '职称5', 'job_title5', 1, 100, '5-公司内部职称', 1, 1, 1574853820410, 111111111111111111, 1574853820410, 111111111111111111, NULL, NULL),
       (222222222222222226, '职称6', 'job_title6', 1, 100, '6-公司内部职称', 1, 1, 1574853820410, 111111111111111111, 1574853820410, 111111111111111111, NULL, NULL),
       (222222222222222227, '职称7', 'job_title7', 1, 100, '7-公司内部职称', 1, 1, 1574853820410, 111111111111111111, 1574853820410, 111111111111111111, NULL, NULL),
       (222222222222222228, '职称8', 'job_title8', 1, 100, '8-公司内部职称', 1, 1, 1574853820410, 111111111111111111, 1574853820410, 111111111111111111, NULL, NULL),
       (222222222222222229, '职称9', 'job_title9', 1, 100, '9-公司内部职称', 1, 1, 1574853820410, 111111111111111111, 1574853820410, 111111111111111111, NULL, NULL);


INSERT INTO `sys_dict_item`(`id`, `dict_id`, `dict_code`, `item_name`, `item_code`, `item_value`, `dict_value_type_enum`, `ranking`, `description`, `state_enum`, `delete_enum`, `create_date`, `create_user_id`, `update_date`, `update_user_id`, `delete_date`, `delete_user_id`)
VALUES (111111111111111111, 111111111111111111, 'job_title', '初级', 'beginner_level', '1', 1, 100, '初级', 1, 1, 1574853820410, 111111111111111111, 1574853820410, 111111111111111111, NULL, NULL),
       (222222222222222222, 111111111111111111, 'job_title', '中级', 'intermediate_level', '2', 1, 100, '中级', 1, 1, 1574853820410, 111111111111111111, 1574853820410, 111111111111111111, NULL, NULL),
       (333333333333333333, 111111111111111111, 'job_title', '高级', 'advanced_level', '3', 1, 100, '高级', 1, 1, 1574853820410, 111111111111111111, 1574853820410, 111111111111111111, NULL, NULL);



INSERT INTO `sys_param_type`(`id`, `type_name`, `type_code`, `ranking`, `description`, `state_enum`, `delete_enum`, `create_date`, `create_user_id`, `update_date`, `update_user_id`, `delete_date`, `delete_user_id`)
VALUES (111111111111111111, '系统配置', 'system_config', 100, '系统配置开关', 1, 1, 1574853820410, 111111111111111111, 1574853820410, 111111111111111111, NULL, NULL);

INSERT INTO `sys_param`(`id`, `type_id`, `type_code`, `param_name`, `param_code`, `param_value`, `ranking`, `description`, `param_value_type_enum`, `state_enum`, `delete_enum`, `create_date`, `create_user_id`, `update_date`, `update_user_id`, `delete_date`, `delete_user_id`)
VALUES (111111111111111111, 111111111111111111, 'system_config', '登录验证码开关', 'switch.loginCaptcha.boolean', 'true', 100, '登录过程需要输入验证码：true 需要输入', 2, 1, 1, 1574853820410, 111111111111111111, 1574853820410, 111111111111111111, NULL, NULL),
       (111111111111111112, 111111111111111111, 'system_config', '演示模式编辑权限开关', 'switch.demoModeEdit.boolean', 'true', 100, '演示模式是否开启编辑功能：true 可以编辑', 2, 1, 1, 1574853820410, 111111111111111111, 1574853820410, 111111111111111111, NULL, NULL),
       (222222222222222222, 111111111111111111, 'system_config', '一天错误登录多少次显示验证码', 'number.loginErrorShowCaptcha.integer', '3', 100, '如果是 0 次则表示永远显示', 3, 1, 1, 1574853820410, 111111111111111111, 1574853820410, 111111111111111111, NULL, NULL);

INSERT INTO `sys_permission`(`id`, `permission_name`, `permission_code`, `permission_url`, `permission_type_enum`, `parent_id`, `parent_ids`, `icon_class`, `visible_enum`, `bool_ext_link_enum`, `bool_new_tab_enum`, `ranking`, `description`, `state_enum`, `delete_enum`, `create_date`, `create_user_id`,
                             `update_date`, `update_user_id`, `delete_date`, `delete_user_id`)

VALUES (111111111111116004, 'knife4j 文档', 'ext_knife4j_doc', 'http://sculptor.cdk8s.com/sculptor-boot-backend/doc.html', 2, 111111111111116001, '1,111111111111116001', 'read', 1, 1, 2, 50, NULL, 1, 1, 1574159404580, 111111111111111111, 1574159404580, 111111111111111111, NULL, NULL),
       (111111111111116003, 'Swagger 文档', 'ext_swagger_doc', 'http://sculptor.cdk8s.com/sculptor-boot-backend/swagger-ui.html', 2, 111111111111116001, '1,111111111111116001', 'file-markdown', 1, 1, 2, 50, NULL, 1, 1, 1574159404580, 111111111111111111, 1574159404580, 111111111111111111, NULL, NULL),
       (111111111111123001, '系统官网', 'cdk8s_index', 'https://github.com/cdk8s/sculptor-boot-generator', 1, 1, '1', 'github', 1, 1, 1, 100, NULL, 1, 1, 1574159404580, 111111111111111111, 1574159404580, 111111111111111111, NULL, NULL),
       (111111111111117002, '应用监控', 'sys_app_monitor', 'http://182.61.44.40:3000', 2, 111111111111117001, '1,111111111111117001', 'monitor', 1, 1, 1, 50, NULL, 1, 1, 1574159404580, 111111111111111111, 1574159404580, 111111111111111111, NULL, NULL),
       (111111111111114004, '部门管理', 'sys_dept', '/sysDept', 2, 111111111111114001, '1,111111111111114001', 'team', 1, 2, 2, 50, NULL, 1, 1, 1574159404580, 111111111111111111, 1574159404580, 111111111111111111, NULL, NULL),
       (111111111111114104, '创建', 'sys_dept_create', '', 3, 111111111111114004, '1,111111111111114001,111111111111114004', '', 1, 2, 2, 50, NULL, 1, 1, 1574159404580, 111111111111111111, 1574159404580, 111111111111111111, NULL, NULL),
       (111111111111114304, '删除', 'sys_dept_delete', '', 3, 111111111111114004, '1,111111111111114001,111111111111114004', '', 1, 2, 2, 50, NULL, 1, 1, 1574159404580, 111111111111111111, 1574159404580, 111111111111111111, NULL, NULL),
       (111111111111114204, '修改', 'sys_dept_update', '', 3, 111111111111114004, '1,111111111111114001,111111111111114004', '', 1, 2, 2, 50, NULL, 1, 1, 1574159404580, 111111111111111111, 1574159404580, 111111111111111111, NULL, NULL),
       (111111111111115003, '数据字典', 'sys_dict', '/sysDict', 2, 111111111111115001, '1,111111111111115001', 'database', 1, 2, 2, 50, NULL, 1, 1, 1574159404580, 111111111111111111, 1574159404580, 111111111111111111, NULL, NULL),
       (111111111111115103, '创建', 'sys_dict_create', '', 3, 111111111111115003, '1,111111111111115001,111111111111115003', '', 1, 2, 2, 50, NULL, 1, 1, 1574159404580, 111111111111111111, 1574159404580, 111111111111111111, NULL, NULL),
       (111111111111115303, '删除', 'sys_dict_delete', '', 3, 111111111111115003, '1,111111111111115001,111111111111115003', '', 1, 2, 2, 50, NULL, 1, 1, 1574159404580, 111111111111111111, 1574159404580, 111111111111111111, NULL, NULL),
       (111111111111115203, '修改', 'sys_dict_update', '', 3, 111111111111115003, '1,111111111111115001,111111111111115003', '', 1, 2, 2, 50, NULL, 1, 1, 1574159404580, 111111111111111111, 1574159404580, 111111111111111111, NULL, NULL),
       (111111111111114003, '员工资料', 'sys_employee', '/sysEmployee', 2, 111111111111114001, '1,111111111111114001', 'idcard', 1, 2, 2, 50, NULL, 1, 1, 1574159404580, 111111111111111111, 1574159404580, 111111111111111111, NULL, NULL),
       (111111111111114103, '创建', 'sys_employee_create', '', 3, 111111111111114003, '1,111111111111114001,111111111111114003', '', 1, 2, 2, 50, NULL, 1, 1, 1574159404580, 111111111111111111, 1574159404580, 111111111111111111, NULL, NULL),
       (111111111111114303, '删除', 'sys_employee_delete', '', 3, 111111111111114003, '1,111111111111114001,111111111111114003', '', 1, 2, 2, 50, NULL, 1, 1, 1574159404580, 111111111111111111, 1574159404580, 111111111111111111, NULL, NULL),
       (111111111111114203, '修改', 'sys_employee_update', '', 3, 111111111111114003, '1,111111111111114001,111111111111114003', '', 1, 2, 2, 50, NULL, 1, 1, 1574159404580, 111111111111111111, 1574159404580, 111111111111111111, NULL, NULL),
       (111111111111117008, '操作日志', 'sys_event_log', '/sysEventLog', 2, 111111111111117001, '1,111111111111117001', 'audit', 1, 2, 2, 50, NULL, 1, 1, 1574159404580, 111111111111111111, 1574159404580, 111111111111111111, NULL, NULL),
       (111111111111112001, '首页概览', 'sys_index', '/index', 1, 1, '1', 'home', 1, 2, 2, 10, NULL, 1, 1, 1574159404580, 111111111111111111, 1574159404580, 111111111111111111, NULL, NULL),
       (111111111111117006, '登录日志', 'sys_login_log', '/sysLoginLog', 2, 111111111111117001, '1,111111111111117001', 'login', 1, 2, 2, 50, NULL, 1, 1, 1574159404580, 111111111111111111, 1574159404580, 111111111111111111, NULL, NULL),
       (111111111111115001, '系统管理', 'sys_manage', '/sysManage', 1, 1, '1', 'setting', 1, 2, 2, 30, NULL, 1, 1, 1574159404580, 111111111111111111, 1574159404580, 111111111111111111, NULL, NULL),
       (111111111111115002, '参数配置', 'sys_param', '/sysParam', 2, 111111111111115001, '1,111111111111115001', 'block', 1, 2, 2, 50, NULL, 1, 1, 1574159404580, 111111111111111111, 1574159404580, 111111111111111111, NULL, NULL),
       (111111111111115102, '创建', 'sys_param_create', '', 3, 111111111111115002, '1,111111111111115001,111111111111115002', '', 1, 2, 2, 50, NULL, 1, 1, 1574159404580, 111111111111111111, 1574159404580, 111111111111111111, NULL, NULL),
       (111111111111115302, '删除', 'sys_param_delete', '', 3, 111111111111115002, '1,111111111111115001,111111111111115002', '', 1, 2, 2, 50, NULL, 1, 1, 1574159404580, 111111111111111111, 1574159404580, 111111111111111111, NULL, NULL),
       (111111111111115202, '修改', 'sys_param_update', '', 3, 111111111111115002, '1,111111111111115001,111111111111115002', '', 1, 2, 2, 50, NULL, 1, 1, 1574159404580, 111111111111111111, 1574159404580, 111111111111111111, NULL, NULL),
       (111111111111114006, '菜单管理', 'sys_permission', '/sysPermission', 2, 111111111111114001, '1,111111111111114001', 'menu', 1, 2, 2, 50, NULL, 1, 1, 1574159404580, 111111111111111111, 1574159404580, 111111111111111111, NULL, NULL),
       (111111111111114106, '创建', 'sys_permission_create', '', 3, 111111111111114006, '1,111111111111114001,111111111111114006', '', 1, 2, 2, 50, NULL, 1, 1, 1574159404580, 111111111111111111, 1574159404580, 111111111111111111, NULL, NULL),
       (111111111111114306, '删除', 'sys_permission_delete', '', 3, 111111111111114006, '1,111111111111114001,111111111111114006', '', 1, 2, 2, 50, NULL, 1, 1, 1574159404580, 111111111111111111, 1574159404580, 111111111111111111, NULL, NULL),
       (111111111111114206, '修改', 'sys_permission_update', '', 3, 111111111111114006, '1,111111111111114001,111111111111114006', '', 1, 2, 2, 50, NULL, 1, 1, 1574159404580, 111111111111111111, 1574159404580, 111111111111111111, NULL, NULL),
       (111111111111114005, '角色管理', 'sys_role', '/sysRole', 2, 111111111111114001, '1,111111111111114001', 'crown', 1, 2, 2, 50, NULL, 1, 1, 1574159404580, 111111111111111111, 1574159404580, 111111111111111111, NULL, NULL),
       (111111111111114105, '创建', 'sys_role_create', '', 3, 111111111111114005, '1,111111111111114001,111111111111114005', '', 1, 2, 2, 50, NULL, 1, 1, 1574159404580, 111111111111111111, 1574159404580, 111111111111111111, NULL, NULL),
       (111111111111114305, '删除', 'sys_role_delete', '', 3, 111111111111114005, '1,111111111111114001,111111111111114005', '', 1, 2, 2, 50, NULL, 1, 1, 1574159404580, 111111111111111111, 1574159404580, 111111111111111111, NULL, NULL),
       (111111111111114205, '修改', 'sys_role_update', '', 3, 111111111111114005, '1,111111111111114001,111111111111114005', '', 1, 2, 2, 50, NULL, 1, 1, 1574159404580, 111111111111111111, 1574159404580, 111111111111111111, NULL, NULL),
       (111111111111117003, 'SQL监控', 'sys_sql_monitor', 'http://sculptor.cdk8s.com/sculptor-boot-backend/druid', 2, 111111111111117001, '1,111111111111117001', 'radar-chart', 1, 1, 2, 50, NULL, 1, 1, 1574159404580, 111111111111111111, 1574159404580, 111111111111111111, NULL, NULL),
       (111111111111116001, '系统工具', 'sys_tool', '/sysTool', 1, 1, '1', 'tool', 1, 2, 2, 50, NULL, 1, 1, 1574159404580, 111111111111111111, 1574159404580, 111111111111111111, NULL, NULL),
       (111111111111114002, '用户管理', 'sys_user', '/sysUser', 2, 111111111111114001, '1,111111111111114001', 'user', 1, 2, 2, 50, NULL, 1, 1, 1574159404580, 111111111111111111, 1574159404580, 111111111111111111, NULL, NULL),
       (111111111111114102, '创建', 'sys_user_create', '', 3, 111111111111114002, '1,111111111111114001,111111111111114002', '', 1, 2, 2, 50, NULL, 1, 1, 1574159404580, 111111111111111111, 1574159404580, 111111111111111111, NULL, NULL),
       (111111111111114302, '删除', 'sys_user_delete', '', 3, 111111111111114002, '1,111111111111114001,111111111111114002', '', 1, 2, 2, 50, NULL, 1, 1, 1574159404580, 111111111111111111, 1574159404580, 111111111111111111, NULL, NULL),
       (111111111111114001, '账号权限', 'sys_user_permission_manage', '/sysUserPermissionManage', 1, 1, '1', 'safety', 1, 2, 2, 20, NULL, 1, 1, 1574159404580, 111111111111111111, 1574159404580, 111111111111111111, NULL, NULL),
       (111111111111114202, '修改', 'sys_user_update', '', 3, 111111111111114002, '1,111111111111114001,111111111111114002', '', 1, 2, 2, 50, NULL, 1, 1, 1574159404580, 111111111111111111, 1574159404580, 111111111111111111, NULL, NULL),
       (111111111111117001, '系统监控', 'system_monitor', '/systemMonitor', 1, 1, '1', 'dashboard', 1, 2, 2, 40, NULL, 1, 1, 1574159404580, 111111111111111111, 1574159404580, 111111111111111111, NULL, NULL);



INSERT INTO `rel_permission_role`(`id`, `permission_id`, `role_id`, `create_date`, `create_user_id`)
VALUES (111111111111112001, 111111111111112001, 111111111111111111, 1574663813780, 111111111111111111),
       (111111111111114001, 111111111111114001, 111111111111111111, 1574663813780, 111111111111111111),
       (111111111111114002, 111111111111114002, 111111111111111111, 1574663813780, 111111111111111111),
       (111111111111114003, 111111111111114003, 111111111111111111, 1574663813780, 111111111111111111),
       (111111111111114004, 111111111111114004, 111111111111111111, 1574663813780, 111111111111111111),
       (111111111111114005, 111111111111114005, 111111111111111111, 1574663813780, 111111111111111111),
       (111111111111114006, 111111111111114006, 111111111111111111, 1574663813780, 111111111111111111),
       (111111111111114102, 111111111111114102, 111111111111111111, 1574663813780, 111111111111111111),
       (111111111111114103, 111111111111114103, 111111111111111111, 1574663813780, 111111111111111111),
       (111111111111114104, 111111111111114104, 111111111111111111, 1574663813780, 111111111111111111),
       (111111111111114105, 111111111111114105, 111111111111111111, 1574663813780, 111111111111111111),
       (111111111111114106, 111111111111114106, 111111111111111111, 1574663813780, 111111111111111111),
       (111111111111114202, 111111111111114202, 111111111111111111, 1574663813780, 111111111111111111),
       (111111111111114203, 111111111111114203, 111111111111111111, 1574663813780, 111111111111111111),
       (111111111111114204, 111111111111114204, 111111111111111111, 1574663813780, 111111111111111111),
       (111111111111114205, 111111111111114205, 111111111111111111, 1574663813780, 111111111111111111),
       (111111111111114206, 111111111111114206, 111111111111111111, 1574663813780, 111111111111111111),
       (111111111111114302, 111111111111114302, 111111111111111111, 1574663813780, 111111111111111111),
       (111111111111114303, 111111111111114303, 111111111111111111, 1574663813780, 111111111111111111),
       (111111111111114304, 111111111111114304, 111111111111111111, 1574663813780, 111111111111111111),
       (111111111111114305, 111111111111114305, 111111111111111111, 1574663813780, 111111111111111111),
       (111111111111114306, 111111111111114306, 111111111111111111, 1574663813780, 111111111111111111),
       (111111111111115001, 111111111111115001, 111111111111111111, 1574663813780, 111111111111111111),
       (111111111111115002, 111111111111115002, 111111111111111111, 1574663813780, 111111111111111111),
       (111111111111115003, 111111111111115003, 111111111111111111, 1574663813780, 111111111111111111),
       (111111111111115102, 111111111111115102, 111111111111111111, 1574663813780, 111111111111111111),
       (111111111111115103, 111111111111115103, 111111111111111111, 1574663813780, 111111111111111111),
       (111111111111115202, 111111111111115202, 111111111111111111, 1574663813780, 111111111111111111),
       (111111111111115203, 111111111111115203, 111111111111111111, 1574663813780, 111111111111111111),
       (111111111111115302, 111111111111115302, 111111111111111111, 1574663813780, 111111111111111111),
       (111111111111115303, 111111111111115303, 111111111111111111, 1574663813780, 111111111111111111),
       (111111111111116001, 111111111111116001, 111111111111111111, 1574663813780, 111111111111111111),
       (111111111111116003, 111111111111116003, 111111111111111111, 1574663813780, 111111111111111111),
       (111111111111116004, 111111111111116004, 111111111111111111, 1574663813780, 111111111111111111),
       (111111111111117001, 111111111111117001, 111111111111111111, 1574663813780, 111111111111111111),
       (111111111111117002, 111111111111117002, 111111111111111111, 1574663813780, 111111111111111111),
       (111111111111117003, 111111111111117003, 111111111111111111, 1574663813780, 111111111111111111),
       (111111111111117006, 111111111111117006, 111111111111111111, 1574663813780, 111111111111111111),
       (111111111111117008, 111111111111117008, 111111111111111111, 1574663813780, 111111111111111111),
       (111111111111123001, 111111111111123001, 111111111111111111, 1574663813780, 111111111111111111),
       (657230839850991616, 111111111111112001, 222222222222222222, 1576737642979, 111111111111111111),
       (657230839850991617, 111111111111114001, 222222222222222222, 1576737642979, 111111111111111111),
       (657230839850991618, 111111111111114002, 222222222222222222, 1576737642979, 111111111111111111),
       (657230839850991619, 111111111111114003, 222222222222222222, 1576737642979, 111111111111111111),
       (657230839850991620, 111111111111114004, 222222222222222222, 1576737642979, 111111111111111111),
       (657230839850991621, 111111111111114005, 222222222222222222, 1576737642979, 111111111111111111),
       (657230839850991622, 111111111111114006, 222222222222222222, 1576737642979, 111111111111111111),
       (657230839850991623, 111111111111115001, 222222222222222222, 1576737642979, 111111111111111111),
       (657230839850991624, 111111111111115002, 222222222222222222, 1576737642979, 111111111111111111),
       (657230839850991625, 111111111111115003, 222222222222222222, 1576737642979, 111111111111111111),
       (657230839850991626, 111111111111117001, 222222222222222222, 1576737642979, 111111111111111111),
       (657230839850991627, 111111111111117002, 222222222222222222, 1576737642979, 111111111111111111),
       (657230839850991628, 111111111111117003, 222222222222222222, 1576737642979, 111111111111111111),
       (657230839850991629, 111111111111117006, 222222222222222222, 1576737642979, 111111111111111111),
       (657230839850991630, 111111111111117008, 222222222222222222, 1576737642979, 111111111111111111),
       (657230839850991631, 111111111111116001, 222222222222222222, 1576737642979, 111111111111111111),
       (657230839850991632, 111111111111116003, 222222222222222222, 1576737642979, 111111111111111111),
       (657230839850991633, 111111111111116004, 222222222222222222, 1576737642979, 111111111111111111),
       (657230839850991634, 111111111111123001, 222222222222222222, 1576737642979, 111111111111111111);
